fighter,submission_wins
Charles Oliveira,14
Demian Maia,11
Jim Miller,10
Nate Diaz,9
Frank Mir,8
Kenny Florian,7
Gunnar Nelson,7
Cole Miller,7
Joe Lauzon,7
Royce Gracie,7
Aleksei Oleinik,6
Urijah Faber,6
Michael Chiesa,6
Stefan Struve,6
Donald Cerrone,6
Tony Ferguson,6
Rani Yahya,6
Thiago Tavares,5
Antonio Carlos Junior,5
Ovince Saint Preux,5
Oleg Taktarov,5
Paul Craig,5
Martin Kampmann,5
Gerald Meerschaert,5
Chris Lytle,5
Jon Jones,5
Dan Severn,5
Demetrious Johnson,5
Misha Cirkunov,5
Thales Leites,5
Beneil Dariush,5
Erick Silva,5
Rousimar Palhares,5
Matt Hughes,5
Glover Teixeira,5
Evan Tanner,4
Marlon Vera,4
Gilbert Burns,4
George Sotiropoulos,4
Anthony Pettis,4
Ed Herman,4
Gleison Tibau,4
Dustin Hazelett,4
Aljamain Sterling,4
Wilson Gouveia,4
Chas Skelly,4
Jason MacDonald,4
Olivier Aubin-Mercier,4
Bryan Caraway,4
Mark Bocek,4
Randy Couture,4
Kurt Pellegrino,4
Zak Cummings,4
Daniel Cormier,4
Jeremy Horn,4
Yuta Sasaki,4
Dan Miller,4
Jerry Bohlander,4
Marcus Davis,4
Jake Matthews,4
Khabib Nurmagomedov,4
Kevin Lee,4
Terry Etim,4
Jacare Souza,4
Gabriel Gonzaga,4
Rafael Dos Anjos,4
Nikita Krylov,4
BJ Penn,4
Gillian Robertson,4
Mickey Gall,4
Ken Shamrock,4
Clay Guida,4
Frank Shamrock,3
Jon Fitch,3
Vicente Luque,3
TJ Waldburger,3
Phil Davis,3
Josh Koscheck,3
Nate Marquardt,3
Montana De La Rosa,3
Mitch Gagnon,3
Nathaniel Wood,3
James Vick,3
Ben Saunders,3
Jack Hermansson,3
Brian Kelleher,3
Brian Ortega,3
Michel Prazeres,3
Pat Miletich,3
Anthony Perosh,3
Joe Stevenson,3
Paul Sass,3
Carlos Newton,3
Pedro Munhoz,3
Matt Wiman,3
Pete Spratt,3
Cezar Ferreira,3
John Moraga,3
Godofredo Pepey,3
Anthony Rocco Martin,3
Anderson Silva,3
Mark Coleman,3
Mackenzie Dern,3
Makwan Amirkhani,3
Alan Belcher,3
Renan Barao,3
Renato Moicano,3
Jussier Formiga,3
Renato Sobral,3
Luke Rockhold,3
Claudio Silva,3
Manvel Gamburyan,3
Manny Bermudez,3
Ricardo Almeida,3
Fabricio Werdum,3
Ricardo Lamas,3
Sergio Moraes,3
Alex Oliveira,3
Rich Clementi,3
Josh Neer,3
Cynthia Calvillo,3
Dustin Poirier,3
Drew Fickett,3
Alex Caceres,3
Warlley Alves,3
Ronda Rousey,3
Yancy Medeiros,3
Kyung Ho Kang,3
Daniel Pineda,3
Marco Ruas,3
Davi Ramos,3
Rose Namajunas,3
Chris Weidman,3
Zabit Magomedsharipov,3
Tamdan McCrory,2
Don Frye,2
Daniel Roberts,2
Ivan Menjivar,2
Iuri Alcantara,2
Islam Makhachev,2
DaMarques Johnson,2
Roland Delorme,2
David Abbott,2
Rodolfo Vieira,2
Jan Blachowicz,2
Ryan Jensen,2
Ilir Latifi,2
Ivan Salaverry,2
Brett Johns,2
Brock Larson,2
Brandon Royval,2
Sara McMann,2
Dan Hooker,2
Nik Lentz,2
Nick Diaz,2
Dennis Bermudez,2
Roosevelt Roberts,2
Deiveson Figueiredo,2
Diego Brandao,2
Dennis Siver,2
James Krause,2
Tatiana Suarez,2
Diego Ferreira,2
Din Thomas,2
Niko Price,2
Brad Scott,2
Dean Lister,2
Damian Stasiak,2
Francisco Trinaldo,2
CB Dollaway,2
Piotr Hallmann,2
Georges St-Pierre,2
Remco Pardoel,2
Felice Herrig,2
Shannon Gugerty,2
Stephan Bonnar,2
Spencer Fisher,2
Gavin Tucker,2
Chris Wade,2
Gadzhimurad Antigulov,2
Felipe Arantes,2
Gabriel Benitez,2
Randy Brown,2
Frankie Edgar,2
Ray Borg,2
Forrest Griffin,2
Tim Means,2
Raquel Pennington,2
Francis Carmont,2
Chris Leben,2
Polyana Viana,2
Charles Rosa,2
Dustin Kimura,2
Fabiano Iha,2
Paige VanZant,2
Rob Kimmons,2
Court McGee,2
Hermes Franca,2
Patrick Smith,2
Cortney Casey,2
Rick Story,2
Colby Covington,2
Gregor Gillespie,2
Cody McKenzie,2
Seth Baczynski,2
Pete Williams,2
Grant Dawson,2
Eric Schafer,2
Chael Sonnen,2
Chan Sung Jung,2
Eric Spicely,2
Reza Madadi,2
Ciryl Gane,2
Leandro Issa,2
Brandon Moreno,2
Kevin Holland,2
Alexander Gustafsson,2
Joe Doerksen,2
Kenny Robertson,2
Michelle Waterson,2
Wilson Reis,2
Marvin Vettori,2
Jimy Hettes,2
Tony DeSouza,2
Karl Roberson,2
Jimmy Crute,2
Yoshiyuki Yoshida,2
Markus Perez,2
Mike Pyle,2
Jessica Andrade,2
Tom Lawlor,2
Mike Swick,2
Jon Tuck,2
Joe Duffy,2
Michael McDonald,2
Anthony Smith,2
Antonio Rodrigo Nogueira,2
Matt Schnell,2
Max Holloway,2
Mac Danzig,2
Keita Nakamura,2
Tyson Pedro,2
Kelvin Gastelum,2
Valentina Shevchenko,2
Alex Perez,2
Matt Brown,2
Joe Soto,2
Arnold Allen,2
Kendall Grove,2
Magnus Cedenblad,2
Luis Henrique,2
Maurice Greene,2
Benson Henderson,2
Amanda Nunes,2
Alexandre Pantoja,2
Marion Reneau,2
Louis Smolka,2
Yves Edwards,2
Virna Jandiroba,2
Amanda Ribas,2
Krzysztof Soszynski,2
Kyle Noke,2
Leonardo Santos,2
Andrei Arlovski,2
Ben Rothwell,2
Vitor Belfort,2
Ben Nguyen,2
Tito Ortiz,2
Ricardo Romero,1
Junie Browning,1
Fabricio Camoes,1
Elvis Sinosic,1
Kailin Curran,1
Marcio Cruz,1
Elizeu Zaleski dos Santos,1
Julio Arce,1
Macy Chiasson,1
Eliot Marshall,1
Marco Beltran,1
Rich Franklin,1
Efrain Escudero,1
Edmen Shahbazyan,1
Katsunori Kikuno,1
Felicia Spencer,1
Junior Assuncao,1
Karo Parisyan,1
Justin Buchholz,1
Erik Perez,1
Mara Romero Borella,1
Ricardo Abreu,1
Erik Koch,1
Ricky Simon,1
Kalib Starnes,1
Kamaru Usman,1
Justin Ledet,1
Reuben Duran,1
Emily Whitmire,1
Karlos Vemola,1
Eugene Jackson,1
Marcelo Golm,1
Evan Dunham,1
Justin Edwards,1
Ricardo Ramos,1
Mallory Martin,1
Jason Lambert,1
Robert Sanchez,1
Kay Hansen,1
Roan Carneiro,1
Khama Worthy,1
Dennis Hallman,1
Khamzat Chimaev,1
Kiichi Kunimoto,1
Rory MacDonald,1
Kimo Leopoldo,1
Luan Chagas,1
Louis Gaudinot,1
Rory Singer,1
Kron Gracie,1
Livinha Souza,1
Liana Jojua,1
David Zawada,1
Lando Vannata,1
David Heath,1
Russell Doane,1
Leonard Garcia,1
Leon Edwards,1
Ryan Bader,1
Ryan Hall,1
Leandro Silva,1
Darrick Minner,1
Darren Uyenoyama,1
Darren Stewart,1
Darren Elkins,1
Lucas Martins,1
Derek Brunson,1
Rony Jason,1
Ken Stone,1
Rob Broughton,1
Rob Font,1
Mackens Semerzier,1
Lyoto Machida,1
Rob MacDonald,1
Dustin Pague,1
Robert McDaniel,1
Keith Hackney,1
Luke Sanders,1
Julian Marquez,1
Drew Dober,1
Rodrigo Damm,1
Kevin Jackson,1
Rodrigo Nascimento,1
Dong Hyun Kim,1
Kenichi Yamamoto,1
Luke Barnatt,1
Roger Huerta,1
Dominick Reyes,1
Ketlen Vieira,1
Rolando Delgado,1
Kevin Burns,1
Roman Mitichyan,1
Luis Pena,1
Marcos Rogerio de Lima,1
Joseph Morales,1
Julian Erosa,1
Henry Briones,1
Jess Liaudin,1
Nick Ring,1
Jake Ellenberger,1
Jacob Volkmann,1
Jack Shore,1
Mike Rio,1
Mike Pierce,1
Mike Nickels,1
Niklas Backstrom,1
Mike Massenzio,1
Nina Ansaroff,1
Mike Ciesnolevicz,1
Miesha Tate,1
Joanne Calderwood,1
Irene Aldana,1
Michel Pereira,1
Ildemar Alcantara,1
Igor Pokrajac,1
Joe Proctor,1
Pablo Garza,1
Ian Entwistle,1
Paddy Holohan,1
Joe Riggs,1
Joel Alvarez,1
Herbert Burns,1
Nick Pace,1
Jake Rosholt,1
Nick Osipczak,1
James Wilks,1
Jason High,1
Jason Gonzalez,1
Murilo Bustamante,1
Myles Jury,1
Jason Dent,1
Jason DeLucia,1
Jason Von Flue,1
Nate Loughran,1
Jason Witt,1
Montel Jackson,1
Jamie Varner,1
Mitch Clarke,1
Mike van Arsdale,1
Mirsad Bektic,1
Neil Magny,1
Mirko Filipovic,1
James Moontasri,1
Neil Seery,1
Jeff Monson,1
James Head,1
Danny Roberts,1
Nicholas Musoke,1
Nick Catone,1
Jennifer Maia,1
Megan Anderson,1
Henrique da Silva,1
Marcus Aurelio,1
Patrick Williams,1
Jordan Griffin,1
Jordan Rinaldi,1
Marlon Moraes,1
Geoff Neal,1
Genki Sudo,1
Gegard Mousasi,1
Jorge Masvidal,1
Rachael Ostovich,1
Mark Kerr,1
Rafael Natal,1
Jose Quinonez,1
Joseph Benavidez,1
Mark Hominick,1
Randa Markos,1
Jason Knight,1
Josh Barnett,1
Mark De La Rosa,1
Mariya Agapova,1
Raoni Barcelos,1
Josh Samman,1
Raphael Assuncao,1
Josh Sampo,1
Francis Ngannou,1
Joshua Burkman,1
Juan Espino,1
Maryna Moroz,1
Jonathan Goulet,1
Philip De Fries,1
Per Eklund,1
Hector Urbina,1
Paul Buentello,1
Mayra Bueno Silva,1
Paul Felder,1
Paul Jones,1
Paul Kelly,1
Maurice Smith,1
Paul Varelans,1
Paulo Thiago,1
Guy Mezger,1
Gustavo Lopez,1
Matt Serra,1
Matheus Nicolau,1
Pete Sell,1
John Lineker,1
John Maguire,1
Matt Sayles,1
Peter Sobotta,1
Matt Lindland,1
Johnny Case,1
Johnny Rhodes,1
Glaico Franca Moreira,1
Jon Delos Reyes,1
Matt Arroyo,1
Ryan Spann,1
Elias Silverio,1
Billy Quarantillo,1
Yaotzin Meza,1
Alex Morono,1
Scott Morris,1
Alex Hunter,1
Yan Cabral,1
Amir Albazi,1
Alex Garcia,1
Amir Sadollah,1
Scott Jorgensen,1
Tecia Torres,1
Alex Chambers,1
Scott Holtzman,1
Cyril Asker,1
Cyrille Diabate,1
Carlos Eduardo Rocha,1
Antonio Braga Neto,1
Bea Malecki,1
Da-Un Jung,1
Tomasz Drwal,1
Chris Holdsworth,1
Teemu Packalen,1
Aleksandra Albu,1
Tyron Woodley,1
Vinny Magalhaes,1
Claudio Puelles,1
Brendan Schaub,1
Simeon Thoresen,1
Brendan Allen,1
Chris Fishgold,1
Brandon Vera,1
Thiago Alves,1
Tatsuya Kawajiri,1
Sean Brady,1
Brian Stann,1
Tony Fryklund,1
Claudia Gadelha,1
Caio Magalhaes,1
Claude Patrick,1
Alexis Davis,1
Ariane Lipski,1
Travis Lutter,1
Trevor Prangley,1
Serghei Spivac,1
Travis Browne,1
Christos Giagos,1
Tra Telligman,1
Christian Wellisch,1
Tor Troeng,1
Alexandr Romanov,1
Alexander Yakovlev,1
Sean Strickland,1
Bryce Mitchell,1
Bryan Barberena,1
Christian Morecraft,1
TJ Grant,1
TJ Dillashaw,1
Amanda Lemos,1
Sean Sherk,1
Carla Esparza,1
Steve Bruno,1
Cory Sandhagen,1
Brock Lesnar,1
Sean McCorkle,1
Wu Yanan,1
Thiago Moises,1
Brian Bowles,1
Brandon Davis,1
Tim Credeur,1
Daniel Sarafian,1
Cathal Pendred,1
Chris Camozzi,1
Song Yadong,1
Bec Rawlings,1
Sam Hoger,1
Anthony Hernandez,1
Abel Trujillo,1
Veronica Macedo,1
Sam Alvey,1
Steve Jennum,1
Vagner Rocha,1
Tim Elliott,1
Daniel Kelly,1
Chance Rencountre,1
Tim Hague,1
Charles Byrd,1
Steve Cantwell,1
Bobby Green,1
Vaughan Lee,1
Sage Northcutt,1
Sabina Mazo,1
Charles McCarthy,1
Danny Henry,1
Zhang Tiequan,1
Zhang Weili,1
Daniel Rodriguez,1
Shane Burgos,1
Anthony Torres,1
Aisling Daly,1
Sarah Moras,1
Damon Jackson,1
Antonina Shevchenko,1
Steven Siler,1
Belal Muhammad,1
Tyson Griffin,1
Brad Pickett,1
Siyar Bahadurzada,1
Dan Bobish,1
Akihiro Gono,1
Dan Christison,1
Ben Askren,1
Akbarh Arreola,1
Adriano Martins,1
Dan Ige,1
Adam Wieczorek,1
Casey Kenney,1
Matt Bessette,0
Matt Mitrione,0
Max Rohskopf,0
Maxim Grishin,0
Matt Van Buren,0
Maximo Blanco,0
Maycee Barber,0
Tyrone Roberts,0
Matt Frevola,0
Matt Hamill,0
Mats Nilsson,0
Valeri Ignatov,0
Mehdi Baghdad,0
Melinda Fabian,0
Valerie Letourneau,0
Matt Lucas,0
Trevin Jones,0
Matt Dwyer,0
Ulysses Gomez,0
Tyson Nam,0
Uriah Hall,0
Matthew Riddle,0
Uros Medic,0
Matthew Semelsberger,0
Tyler Diamond,0
Troy Mandaloniz,0
Tristan Connelly,0
Matt Hobar,0
Tyler Toner,0
Tsuyoshi Kohsaka,0
Mauricio Rua,0
Max Griffin,0
Trevor Smith,0
Matt Grice,0
Matt Veach,0
Umar Nurmagomedov,0
Matt Andersen,0
Matt Horwich,0
Matthew Lopez,0
Tony Kelley,0
Melton Bowen,0
Mike Wessel,0
Mikey Burnett,0
Tom Duquesnoy,0
Mike de la Torre,0
Mike Wilkinson,0
Mike Whitehead,0
Tom Egan,0
Tom Gallicchio,0
Mike Stumpf,0
Miles Johns,0
Mike Santiago,0
Mike Russow,0
Mike Rodriguez,0
Mike Ricci,0
Mike Rhodes,0
Tom Murphy,0
Mike Perry,0
Milana Dudieva,0
Milton Vieira,0
Tom Watson,0
Todd Brown,0
Tim Williams,0
Timothy Johnson,0
Timur Valiev,0
Molly McCann,0
Modestas Bukauskas,0
Mizuto Hirota,0
Tina Lahdemaki,0
Todd Butler,0
Tom DeBlass,0
Todd Duffee,0
Todd Medina,0
Tom Aspinall,0
Miranda Maverick,0
Miranda Granger,0
Tom Breese,0
Minoki Ichihara,0
Tom Niinimaki,0
Mike Lullo,0
Melvin Guillard,0
Tracy Cortez,0
Michel Batista,0
Michal Oleksiejczuk,0
Michael Trizano,0
Michael Patt,0
Townsend Saunders,0
Michael McBride,0
Michael Kuiper,0
Michael Johnson,0
Tony Sims,0
Michael Graves,0
Travis Fulton,0
Michael Chandler,0
Michael Bisping,0
Merab Dvalishvili,0
Travis Wiuff,0
Trevin Giles,0
Tonya Evinger,0
Michel Quinones,0
Mike Kyle,0
Tommy Speer,0
Mike King,0
Mike Jackson,0
Mike Guymon,0
Mike Grundy,0
Mike Easton,0
Mike Davis,0
Tommy Hayden,0
Mike Brown,0
Tony Petarra,0
Miguel Torres,0
Miguel Baeza,0
Tony Gravely,0
Tony Halme,0
Mickael Lebout,0
Michinori Tanaka,0
Michihiro Omigawa,0
Mateusz Gamrot,0
Ryan Thomas,0
Valmir Lazaro,0
Yosdenis Cedeno,0
Luke Jumeau,0
Luke Cummo,0
Luke Caudillo,0
Yasuhiro Urushitani,0
Yoel Romero,0
Yoislandy Izquierdo,0
Yoji Anjo,0
Yorgan De Castro,0
Yoshihiro Akiyama,0
Yana Kunitskaya,0
Lukasz Sajewski,0
Yoshiki Takahashi,0
Luiz Dutra,0
Yoshinori Horie,0
Luiz Cane,0
Luis Ramos,0
Youssef Zalal,0
Yui Chul Nam,0
Yao Zhikui,0
Luke Zachrich,0
Masutatsu Yano,0
Magomed Mustafaev,0
Maki Pitolo,0
Will Chope,0
Makhmud Muradov,0
Willamy Freire,0
Mairbek Taisumov,0
Maiquel Falcao,0
William Knight,0
Maia Stevenson,0
William Macario,0
Lyman Good,0
Willie Gates,0
Magomed Ankalaev,0
Wuliji Buren,0
Mads Burnell,0
Xavier Foupa-Pokam,0
Yair Rodriguez,0
Maciej Jewtuszko,0
Yan Xiaonan,0
Yuki Kondo,0
Yuki Sasaki,0
Yuri Vaulin,0
Zarrukh Adashev,0
Lina Lansberg,0
Liliya Shakirova,0
Li Jingliang,0
Lewis Gonzalez,0
Zarah Fairn,0
Levan Makashvili,0
Leslie Smith,0
Lerone Murphy,0
Leonardo Morales,0
Luigi Vendramini,0
Zelim Imadaev,0
Leonardo Mafra,0
Leonardo Guimaraes,0
Zhalgas Zhumagulov,0
Zhang Lipeng,0
Leo Kuntz,0
Leigh Remedios,0
Lee Murray,0
Lisa Ellis,0
Zane Frazier,0
Zak Ottow,0
Liz Carmouche,0
Luigi Fioravanti,0
Yuri Villefort,0
Ludovit Klein,0
Lucio Linhares,0
Lucie Pudilova,0
Yushin Okami,0
Luana Carolina,0
Yusuke Kasuya,0
Lowell Anderson,0
Yves Jabouin,0
Louis Cosce,0
Lorenz Larkin,0
Loma Lookboonmee,0
Logan Clark,0
Zach Light,0
Lodune Sincaid,0
Zach Makovsky,0
Will Campuzano,0
Malcolm Gordon,0
Will Brooks,0
Mark Hall,0
Vinc Pichel,0
Mark Hunt,0
Mark Hughes,0
Montserrat Conejo,0
Vince Morales,0
Vinicius Moreira,0
Mark Holst,0
Vinicius Queiroz,0
Mark Godbeer,0
Volkan Oezdemir,0
Mark Eddiva,0
Viscardi Andrade,0
Vitor Miranda,0
Viviane Araujo,0
Viviane Pereira,0
Mario Neto,0
Mario Miranda,0
Mario Bautista,0
Viktor Pesta,0
Mark Madsen,0
Mark Munoz,0
Mark Scanlon,0
Mason Jones,0
Masio Fullen,0
Masanori Kanehara,0
Vanessa Melo,0
Marvin Eastman,0
Vernon Ramos Ho,0
Martin Svensson,0
Vernon White,0
Martin Day,0
Martin Bravo,0
Victor Rodriguez,0
Victor Valimaki,0
Victoria Leonardo,0
Mark Weir,0
Vik Grujic,0
Mark Striegl,0
Mark Schultz,0
Vladimir Matyushenko,0
Marina Rodriguez,0
Manel Kape,0
Marcelo Guimaraes,0
Marcin Tybura,0
Marcin Prachnio,0
Wendell Oliveira Marques,0
Wes Albritton,0
Marcin Held,0
Marcin Bandel,0
Marcelo Rojo,0
Marcelo Mello,0
Wes Combs,0
Marcus Silveira,0
Marcelo Aguiar,0
Wes Sims,0
Marcel Fortuna,0
Marc-Andre Barriault,0
Marc Diakiese,0
Manuel Rodriguez,0
Manon Fiorot,0
Wesley Correira,0
Wellington Turman,0
Marcin Wrzosek,0
Waylon Lowe,0
Marcio Alexandre Junior,0
Marcus LeVesseur,0
Marcus Jones,0
Wade Shipp,0
Marcus Brimage,0
Wagner Campos,0
Marcus Bossett,0
Wagner Prado,0
Marcos Vinicius,0
Wagner Silva,0
Walel Watson,0
Wallid Ismail,0
Marcos Mariano,0
Walt Harris,0
Marco Polo Reyes,0
Wanderlei Silva,0
Wang Guan,0
War Machine,0
Vince Cachero,0
Thomas Almeida,0
Mostapha Al-Turk,0
Rich Attonito,0
Richardson Moreira,0
Richard Walsh,0
Richard Crunkilton,0
Leah Letson,0
Sean Woodson,0
Semmy Schilt,0
Seo Hee Ham,0
Sergei Pavlovich,0
Sergey Khandozhko,0
Rameau Thierry Sokoudjou,0
Ricco Rodriguez,0
Sergey Morozov,0
Sergio Pettis,0
Seth Petruzelli,0
Ricardo Funch,0
SeungWoo Choi,0
Shamar Bailey,0
Shamil Abdurakhimov,0
Richie Hightower,0
Richie Smullen,0
Richie Vaculik,0
Rick Davis,0
Robert Lucarelli,0
Sean Daugherty,0
Sean Gannon,0
Robbie Lawler,0
Rob Yundt,0
Rob Wilkinson,0
Sean O'Connell,0
Sean O'Malley,0
Rob Emerson,0
Sean Pierson,0
Sean Salmon,0
Rin Nakai,0
Riki Fukuda,0
Ricky Rainey,0
Sean Soriano,0
Rick Glenn,0
Sean Spencer,0
Shamil Gamzatov,0
Rhys McKee,0
Reza Nasri,0
Raulian Paiva,0
Rashad Evans,0
Shayna Baszler,0
Rashad Coulter,0
Sheila Gaff,0
Sheldon Westcott,0
Sherman Pendergarst,0
Raphael Pessoa,0
Sheymon Moraes,0
Shinsho Anzai,0
Shonie Carter,0
Shunichi Shimizu,0
Sijara Eubanks,0
Randy Costa,0
Sione Latu,0
Sirwan Kakai,0
Ramsey Nijem,0
Ramiz Brahimaj,0
Rashid Magomedov,0
Shawn Jordan,0
Shana Dobson,0
Ray Rodriguez,0
Shane Campbell,0
Rex Holman,0
Renzo Gracie,0
Renee Forte,0
Renato Verissimo,0
Shane Carwin,0
Shane Howell,0
Shane Nelson,0
Shane Primm,0
Shane Roller,0
Shane Young,0
Reginaldo Vieira,0
Shane del Rosario,0
Shanna Young,0
Shavkat Rakhmonov,0
Reese Andy,0
Razak Al-Hassan,0
Sean Alvarez,0
Robert Peralta,0
Scott Smith,0
Ruan Potts,0
Sam Hughes,0
Royce Alger,0
Roy Nelson,0
Roxanne Modafferi,0
Sam Sicilia,0
Rostem Akman,0
Ross Pointon,0
Ross Pearson,0
Rosi Sexton,0
Sam Stout,0
Sammy Morgan,0
Samy Schiavo,0
Sanae Kikuta,0
Rory Markham,0
Santiago Ponzinibbio,0
Saparbeg Safarov,0
Sarah Alpar,0
Royston Wee,0
Rudyard Moncayo,0
Sarah Frota,0
Ruslan Magomedov,0
Ryan Roberts,0
Ryan Parker,0
Ryan McGillivray,0
Ryan Madigan,0
Sabah Homasi,0
Ryan MacDonald,0
Ryan LaFlare,0
Ryan Jimmo,0
Sai Wang,0
Ryan Janes,0
Said Nurmagomedov,0
Ryan Couture,0
Ryan Benoit,0
Sako Chivitchian,0
Salim Touahri,0
Sam Adkins,0
Rustam Khabilov,0
Roque Martinez,0
Ronys Torres,0
Robert Whiteford,0
Rogerio Nogueira,0
Scott Baker,0
Roger Zapata,0
Scott Bessac,0
Roger Narvaez,0
Scott Ferrozzo,0
Scott Fiedler,0
Roger Hollett,0
Roger Gracie,0
Roger Bowling,0
Rodrigo de Lima,0
Rodrigo Ruas,0
Rodolfo Rubio Perez,0
Rodney Wallace,0
Scott Junk,0
Rocky Lee,0
Roberto Traven,0
Robert Whittaker,0
Rogerio Bontorin,0
Scott Askham,0
Ronny Markes,0
Roland Payne,0
Ronnie Lawrence,0
Sarah Kaufman,0
Ronald Jhun,0
Ron van Clief,0
Ron Waterman,0
Ron Stallings,0
Romie Aram,0
Roman Salazar,0
Sasha Palatnikov,0
Roman Kopylov,0
Roman Dolidze,0
Roman Bogatov,0
Rolles Gracie,0
Satoshi Honma,0
Roldan Sangcha'an,0
Rolando Dy,0
Scott Adams,0
Ramiro Hernandez,0
Ramazan Emeev,0
Moti Horenstein,0
Nicolas Dalby,0
Nissen Osterneck,0
Talita Bernardo,0
Tanner Boser,0
Tarec Saffiedine,0
Niklas Stolze,0
Tateki Matsuda,0
Taylor Lapilus,0
Te Edwards,0
Nicolae Negumereanu,0
Soa Palelei,0
Nick Thompson,0
Tedd Williams,0
Nick Serra,0
Nick Sanzo,0
Nick Roehrick,0
Terrion Ware,0
Nick Penner,0
Terry Martin,0
Takeya Mizugaki,0
Noad Lahat,0
Nohelin Hernandez,0
Nolan Ticman,0
Oskar Piechota,0
Orlando Wiet,0
Omari Akhmedov,0
Tai Tuivasa,0
Omar Morales,0
Oluwale Bamgbose,0
Taila Santos,0
Takanori Gomi,0
Oliver Enkamp,0
Oli Thompson,0
Ode Osbourne,0
Norman Parke,0
Takashi Sato,0
Norma Dumont,0
Norifumi Yamamoto,0
Nordine Taleb,0
Takenori Sato,0
Teruto Ishihara,0
Nick Hein,0
Nick Denis,0
Tim Boetsch,0
Nasrat Haqparast,0
Naoyuki Kotani,0
Naoki Inoue,0
Nandor Guelmino,0
Nam Phan,0
Nah-Shon Burrell,0
Nadia Kassem,0
Nad Narimani,0
Tim Gorman,0
Muslim Salikhov,0
Tim Kennedy,0
Tim Lajcik,0
Tim McKenzie,0
Tim Sylvia,0
Movsar Evloev,0
Mounir Lazzez,0
Motonobu Tezuka,0
Nassourdine Imavov,0
Nate Landwehr,0
Nick Agallar,0
Tiki Ghosn,0
Nicco Montano,0
Neil Wain,0
Thiago Perpetuo,0
Thiago Santos,0
Thiago Silva,0
Neil Grove,0
Nazareno Malegarie,0
Thibault Gouti,0
Ryo Chonan,0
Nathan Coy,0
Nate Schroeder,0
Nate Quarry,0
Nate Mohr,0
Thomas Gifford,0
Thomas Ramirez,0
Tiago dos Santos e Silva,0
Nate Maness,0
Ottman Azaitar,0
Tai Bowden,0
Tagir Ulanbekov,0
Steve Berger,0
Steve Bosse,0
Pingyuan Liu,0
Phillipe Nover,0
Phillip Miller,0
Philipe Lins,0
Philip Rowe,0
Steve Byrnes,0
Phil Johns,0
Phil Hawes,0
Phil Harris,0
Phil Baroni,0
Steve Garcia,0
Petr Yan,0
Steve Judson,0
Steve Kennedy,0
Peter Barrett,0
Steve Lopez,0
Poliana Botelho,0
Priscila Cachoeira,0
Steve Nelmark,0
Stephen Thompson,0
Rainy Martinez,0
Sodiq Yusuff,0
Rafaello Oliveira,0
Solomon Hutcherson,0
Rafael Fiziev,0
Song Kenan,0
Rafael Cavalcante,0
Rafael Carino,0
Rafa Garcia,0
Spike Carlyle,0
Stanislav Nedkov,0
Stefan Sekulic,0
Quinton Jackson,0
Stephanie Egger,0
Quinn Mulhern,0
Stephen Bass,0
Punahele Soriano,0
Steve Montgomery,0
Steve Steinbeiss,0
Tafon Nchukwi,0
Suman Mokhtarian,0
Sung Bin Jo,0
Syuri Kondo,0
TJ Brown,0
Patrick Walsh,0
TJ Laramie,0
Patrick Cummins,0
Patrick Cote,0
Pat Schilling,0
TJ O'Brien,0
Pat Healy,0
Pat Barry,0
Pat Audinwood,0
Pascal Krauss,0
Parker Porter,0
Papy Abedi,0
Pannie Kianzad,0
Tae Hyun Bang,0
Paul Bradley,0
Sultan Aliev,0
Peggy Morgan,0
Paul Creighton,0
Pedro Rizzo,0
Steve Vigneault,0
Pearl Gonzalez,0
Steven Graham,0
Pawel Pawlak,0
Steven Peterson,0
Paulo Costa,0
Stevie Lynch,0
Paul Taylor,0
Stevie Ray,0
Paul Rodriguez,0
Paul Redmond,0
Stipe Miocic,0
Paul Herrera,0
Paul Georgieff,0
Su Mudaerji,0
Paul Daley,0
Aalon Cruz,0
Josh Bryant,0
Laverne Clark,0
Colin Robinson,0
Craig White,0
Crafton Wallace,0
Cory Walmsley,0
Cory McKenna,0
Cory Hendricks,0
Corey Hill,0
Corey Anderson,0
Constantinos Philippou,0
Conor McGregor,0
Colton Smith,0
Collin Hart,0
Colin Fletcher,0
Cristiano Marcello,0
Cole Williams,0
Cole Smith,0
Cole Escovedo,0
Cody Stamann,0
Cody Pfister,0
Cody Gibson,0
Cody Garbrandt,0
Cody East,0
Cody Durden,0
Cody Donovan,0
Clint Hester,0
Cristiane Justino,0
Cristina Stanciu,0
Clay Harvison,0
Damir Hadzovic,0
Daniel Omielanczuk,0
Daniel Jolly,0
Dan Stittgen,0
Dan Moret,0
Dan Lauzon,0
Dan Henderson,0
Dan Hardy,0
Dan Evensen,0
Dan Cramer,0
Dan Barrera,0
Damir Ismagulov,0
Damien Brown,0
Cub Swanson,0
Damian Grabowski,0
Damacio Page,0
Dale Hartt,0
Dalcha Lungiambula,0
Daiju Takase,0
Daichi Abe,0
Curtis Stout,0
Curtis Millender,0
Curtis Blaydes,0
Curt Warburton,0
Cung Le,0
Clifford Starks,0
Clay Collard,0
Daniel Spohn,0
Charlie Ontiveros,0
Chris Beal,0
Chris Avila,0
Chico Camus,0
Cheyanne Buys,0
Cheick Kongo,0
Che Mills,0
Chase Sherman,0
Chase Hooper,0
Chase Gormley,0
Charlie Ward,0
Charlie Valencia,0
Charlie Brenneman,0
Chris Cariaso,0
Charles Jourdain,0
Chan-Mi Jeon,0
Chad Reiner,0
Chad Mendes,0
Chad Laprise,0
Chad Griggs,0
Cesar Arzamendia,0
Cat Zingano,0
Casey O'Neill,0
Caros Fodor,0
Carmelo Marrero,0
Chris Brennan,0
Chris Clements,0
Cindy Dandois,0
Chris Saunders,0
Chuck O'Neil,0
Chuck Liddell,0
Christophe Leninger,0
Christina Marks,0
Christian Colombo,0
Christian Aguilera,0
Chris de la Rocha,0
Chris Wilson,0
Chris Tuchscherer,0
Chris Tickle,0
Chris Spang,0
Chris Sanford,0
Chris Condo,0
Chris Price,0
Chris Liguori,0
Chris Kelades,0
Chris Indich,0
Chris Heatherly,0
Chris Haseman,0
Chris Gutierrez,0
Chris Gruetzemacher,0
Chris Dempsey,0
Chris Daukaus,0
Chris Cope,0
Daniel Spitz,0
Daniel Teymur,0
Carls John De Tomas,0
Dominique Steele,0
Drakkar Klose,0
Douglas Silva de Andrade,0
Doug Evans,0
Dorian Price,0
Dooho Choi,0
Donny Walker,0
Donnie Chappell,0
Dongi Yang,0
Dong Hyun Ma,0
Don'Tale Mayes,0
Don Madge,0
Dominick Cruz,0
Drew McFedries,0
Dominic Waters,0
Domingo Pilarte,0
Dokonjonosuke Mishima,0
Dmitry Sosnovskiy,0
Dmitrii Smoliakov,0
Dmitri Stepanov,0
Dileno Lopes,0
Dieusel Berto,0
Diego Saraiva,0
Diego Sanchez,0
Diego Rivas,0
Drako Rodriguez,0
Dricus Du Plessis,0
Diana Belbita,0
Eddie Mendez,0
Edwin DeWees,0
Eduardo Garagorri,0
Edson Barboza,0
Ednaldo Oliveira,0
Edimilson Souza,0
Edilberto de Oliveira,0
Edgar Garcia,0
Eddie Yagin,0
Eddie Wineland,0
Eddie Sanchez,0
Eddie Ruiz,0
Eddie Gordon,0
Duane Ludwig,0
Eddie Alvarez,0
Ebenezer Fontes Braga,0
Dylan Andrews,0
Dwight Grant,0
Dwayne Cason,0
Dustin Stoltzfus,0
Dustin Ortiz,0
Dustin Neace,0
Dustin Jacoby,0
Dusko Todorovic,0
Duda Santana,0
Diego Nunes,0
Dhiego Lima,0
Danielle Taylor,0
Darrel Gholar,0
Davey Grant,0
Dave Strasser,0
Dave Menne,0
Dave Herman,0
Dave Galera,0
Dave Beneteau,0
Dashon Johnson,0
Darrill Schoonover,0
Darren Till,0
Darrell Montague,0
Darrell Horcher,0
Daron Cruickshank,0
David Bielkheden,0
Darko Stosic,0
Dante Rivera,0
Danny Mitchell,0
Danny Martinez,0
Danny Downes,0
Danny Chavez,0
Danny Castillo,0
Danny Abbadi,0
Danilo Marques,0
Danilo Belluardo,0
Danillo Villefort,0
David Baron,0
David Branch,0
Devonte Smith,0
Delson Heleno,0
Devin Powell,0
Devin Clark,0
Desmond Green,0
Derrick Noble,0
Derrick Lewis,0
Derrick Krantz,0
Deron Winn,0
Derek Downey,0
Dequan Townsend,0
Denis Stojnic,0
Denis Kang,0
David Velasquez,0
David Dodd,0
David Teymur,0
David Terrell,0
David Roberts,0
David Mitchell,0
David Michaud,0
David Loiseau,0
David Levicki,0
David Lee,0
David Kaplan,0
David Hood,0
David Dvorak,0
Carlton Minus,0
Carlos Ulberg,0
Lavar Johnson,0
Alvin Robinson,0
Andre Roberts,0
Andre Pederneiras,0
Andre Muniz,0
Andre Gusmao,0
Andre Fili,0
Andre Ewell,0
Anderson Dos Santos,0
Amilcar Alves,0
Amaury Bitetti,0
Amar Suloev,0
Amanda Cooper,0
Alvaro Herrera Mendoza,0
Andre Winner,0
Alptekin Ozkilic,0
Alonzo Menifield,0
Allen Crowder,0
Allen Berube,0
Allan Zuniga,0
Allan Goes,0
Alistair Overeem,0
Ali Bagautinov,0
Ali AlQaisi,0
Alexis Dufresne,0
Alexandre Ferreira,0
Andre Soukhamthath,0
Andrea Lee,0
Alexandre Barros,0
Anna Elmose,0
Anton Zafir,0
Anton Kuivanen,0
Anthony Njokuani,0
Anthony Macias,0
Anthony Lapsley,0
Anthony Johnson,0
Anthony Ivy,0
Anthony Hamilton,0
Anthony Christodoulou,0
Anthony Birchak,0
Ansar Chalangov,0
Anistavio Medeiros,0
Andreas Michailidis,0
Angela Magana,0
Angela Hill,0
Andy Wang,0
Andy Ogle,0
Andy Enz,0
Andy Anderson,0
Andrew Sanchez,0
Andrew Holbrook,0
Andrew Craig,0
Andrei Semenov,0
Andreas Stahl,0
Alexandre Dantas,0
Alexander Volkov,0
Antonio Arroyo,0
Adam Yandiev,0
Albert Cheng,0
Alan Patrick,0
Alan Omer,0
Alan Jouban,0
Alan Baudot,0
Al Iaquinta,0
Akira Corassani,0
Aiemann Zahabi,0
Adrian Yanez,0
Adrian Serrano,0
Adlan Amagov,0
Adam Milstead,0
Albert Tumenov,0
Adam Cella,0
Abubakar Nurmagomedov,0
Abu Azaitar,0
Abner Lloveras,0
Abdul-Kerim Edilov,0
Abdul Razak Alhassan,0
Aaron Wilkinson,0
Aaron Simpson,0
Aaron Rosa,0
Aaron Riley,0
Aaron Phillips,0
Albert Morales,0
Alberta Cerra Leon,0
Alexander Volkanovski,0
Alex Karalexis,0
Alexander Munoz,0
Alexander Hernandez,0
Alexa Grasso,0
Alex White,0
Alex Torres,0
Alex Stiebling,0
Alex Soto,0
Alex Schoenauer,0
Alex Ricci,0
Alex Reyes,0
Alex Nicholson,0
Alex Gorgees,0
Alberto Crane,0
Alex Da Silva,0
Alex Andrade,0
Alessio Sakara,0
Alessio Di Chirico,0
Alen Amedovski,0
Aleksei Kunchenko,0
Aleksandar Rakic,0
Aleksa Camur,0
Alejandro Perez,0
Alberto Uda,0
Alberto Mina,0
Antoni Hardonk,0
Antonio Banuelos,0
Carlos Huachin,0
Brandon Thatch,0
Brian Johnston,0
Brian Houston,0
Brian Geraghty,0
Brian Gassaway,0
Brian Foster,0
Brian Ebersole,0
Brian Cobb,0
Brian Camozzi,0
Brendan O'Reilly,0
Brendan Loughnane,0
Brandon Wolff,0
Brandon Melendez,0
Brianna Van Buren,0
Branden Lee Hinkle,0
Brad Tavares,0
Brad Riddell,0
Brad Morris,0
Brad Kohler,0
Brad Katona,0
Brad Imes,0
Brad Gumm,0
Brad Blackburn,0
Boston Salmon,0
Bojan Velickovic,0
Brian Melancon,0
Bristol Marunde,0
Bobby Voelker,0
Cal Worsham,0
Carlos Felipe,0
Carlos Condit,0
Carlos Barreto,0
Carlo Prater,0
Carlo Pedersoli Jr.,0
Caol Uno,0
Cameron Else,0
Cameron Dollar,0
Calvin Kattar,0
Callan Potter,0
Cale Yarbrough,0
Cain Velasquez,0
Brock Jardine,0
Cain Carrizosa,0
CM Punk,0
CJ Keith,0
Byron Bloodworth,0
Buddy Roberts,0
Bubba Bush,0
Bruno Silva,0
Bruno Santos,0
Bruno Rodrigues,0
Brok Weaver,0
Brodie Farber,0
Bojan Mihajlovic,0
Bobby Southworth,0
Antonio Carvalho,0
Ashlee Evans-Smith,0
Austin Springer,0
Austin Lingo,0
Austin Hubbard,0
Austin Arnett,0
Augusto Sakai,0
Augusto Montano,0
Augusto Mendes,0
Assuerio Silva,0
Aspen Ladd,0
Askar Askarov,0
Ashley Yoder,0
Ashkan Mokhtarian,0
Azunna Anyanwu,0
Asbel Cancio,0
Artem Lobov,0
Arman Tsarukyan,0
Arjan Bhullar,0
Ariel Beck,0
Ariane Carnelossi,0
Anying Wang,0
Antonio Silva,0
Antonio Mendes,0
Antonio McKee,0
Antonio Dos Santos,0
Azamat Gashimov,0
Barb Honchak,0
Bobby Nash,0
Bethe Correia,0
Bobby Moffett,0
Bobby Hoffman,0
Bob Gilstrap,0
Bob Cook,0
Blagoy Ivanov,0
Billy Miles,0
Bill Mahood,0
Bill Algeo,0
Bibulatov Magomed,0
Bharat Kandare,0
Bevon Lewis,0
Besam Yousef,0
Bart Palaszewski,0
Bernardo Magalhaes,0
Bentley Syler,0
Benji Radach,0
Benito Lopez,0
Ben Wall,0
Ben Sosoli,0
Ben Earwood,0
Ben Alloway,0
Batgerel Danaa,0
Bas Rutten,0
Bartosz Fabinski,0
Edwin Figueroa,0
Eiji Mitsuoka,0
Elias Garcia,0
John Teixeira,0
Jonathan Brookins,0
Jon Olav Einemo,0
Jon Manley,0
Jon Madsen,0
Jon Hess,0
Johny Hendricks,0
Johnny Walker,0
Johnny Rees,0
Johnny Munoz,0
Johnny Eduardo,0
Johnny Bedford,0
John Salter,0
Jonathan Meunier,0
John Polakowski,0
John Phillips,0
John Matua,0
John Marsh,0
John Makdessi,0
John Lober,0
John Lewis,0
John Kolosci,0
John Howard,0
John Hathaway,0
John Halverson,0
Jonathan Martinez,0
Jonathan Pearce,0
John Gunderson,0
Jorge Rivera,0
Josh Copeland,0
Josh Clopton,0
Aaron Brink,0
Joseph Sandoval,0
Joseph Gigliotti,0
Joselyne Edwards,0
Jose Torres,0
Jose Maria,0
Jose Aldo,0
Jorge de Oliveira,0
Jorge Santiago,0
Jorge Patino,0
Jonathan Wiezorek,0
Jorge Lopez,0
Jorge Gurgel,0
Jordan Wright,0
Jordan Williams,0
Jordan Radev,0
Jordan Mein,0
Jordan Leavitt,0
Jordan Johnson,0
Jordan Espinosa,0
Jonavin Webb,0
Jonathan Wilson,0
John Gunther,0
John Dodson,0
Josh Emmett,0
Jimmie Rivera,0
Joaquim Silva,0
Joao Zeferino,0
Joao Roque,0
Joao Pierini,0
Joanna Jedrzejczyk,0
Joachim Christensen,0
Jiri Prochazka,0
Jinh Yu Frey,0
Jin Soo Son,0
Jimmy Quinlan,0
Jimmy Flick,0
Jimi Manuwa,0
Joby Sanchez,0
Jim Wallhead,0
Jim Mullen,0
Jim Alers,0
Jianping Yang,0
Ji Yeon Kim,0
Jesus Pinedo,0
Jessin Ayari,0
Jessica-Rose Clark,0
Jessica Rakoczy,0
Jessica Penne,0
Jessica Eye,0
Joaquin Buckley,0
Jocelyn Jones-Lybarger,0
John Cofer,0
Joe Veres,0
John Cholish,0
John Castaneda,0
John Campetella,0
John Allan,0
John Alessio,0
John Albert,0
Joey Roberts,0
Joey Gomez,0
Joey Gilbert,0
Joey Gambino,0
Joey Beltran,0
Joe Vedepo,0
Jodie Esquibel,0
Joe Son,0
Joe Solecki,0
Joe Slick,0
Joe Pardo,0
Joe Moreira,0
Joe Merritt,0
Joe Jordan,0
Joe Giannetti,0
Joe Ellenberger,0
Joe Charles,0
Joe Brammer,0
Josh Culibao,0
Josh Ferguson,0
Elias Theodorou,0
Kevin Croom,0
Klidson Abreu,0
Kit Cope,0
Khaos Williams,0
Khalil Rountree Jr.,0
Khalid Taha,0
Khalid Murtazaliev,0
Khadis Ibragimov,0
Kevin Randleman,0
Kevin Natividad,0
Kevin Jordan,0
Kevin Ferguson,0
Kevin Casey,0
Koji Oishi,0
Kevin Aguilar,0
Kerry Schall,0
Kennedy Nzechukwu,0
Kelly Faszholz,0
Kelly Dullanty,0
Keith Wisniewski,0
Keith Rockel,0
Keith Jardine,0
Keith Berish,0
Keiichiro Yamamiya,0
Keigo Kunihara,0
Koji Kitao,0
Konstantin Erokhin,0
Kazula Vargas,0
Kyle Stewart,0
Lauren Murphy,0
Lauren Mueller,0
Laureano Staropoli,0
Larry Cureton,0
Larissa Pacheco,0
Lara Procopio,0
Lance Gibson,0
Lance Benoist,0
Kyoji Horiguchi,0
Kyler Phillips,0
Kyle Watson,0
Kyle Prepolec,0
Kris McCray,0
Kyle Nelson,0
Kyle Kingsbury,0
Kyle Daukaus,0
Kyle Bradley,0
Kyle Bochniak,0
Kwan Ho Kwak,0
Kurt Holobaugh,0
Kuniyoshi Hironaka,0
Krzysztof Jotko,0
Kristof Midoux,0
Kristian Rothaermel,0
Kazushi Sakuraba,0
Kazuki Tokudome,0
Josh Grispi,0
Julia Avila,0
Justin Eilers,0
Junyong Park,0
Junior Dos Santos,0
Junior Albini,0
Jumabieke Tuerxun,0
Julio Paulino,0
Julija Stoliarenko,0
Julie Kedzie,0
Julianna Pena,0
Juliana Lima,0
Julian Sanchez,0
Jules Bruchez,0
Justin Gaethje,0
Juan Manuel Puig,0
Juan Adams,0
Journey Newson,0
Josh Thomson,0
Josh Stansbury,0
Josh Shockman,0
Josh Shockley,0
Josh Rafferty,0
Josh Parisian,0
Josh Hendricks,0
Josh Haynes,0
Justin Frazier,0
Justin James,0
Kazuhiro Nakamura,0
KJ Noons,0
Katsuhisa Fujii,0
Katlyn Chookagian,0
Karolina Kowalkiewicz,0
Karol Rosa,0
Karine Gevorgyan,0
Kanako Murata,0
Kamal Shalorus,0
Kalindra Faria,0
Kajan Johnson,0
Kai Kara-France,0
Kai Kamaka,0
KB Bhullar,0
Justin Jaynes,0
Jutaro Nakao,0
Justine Kish,0
Justin Wren,0
Justin Willis,0
Justin Tafa,0
Justin Scoggins,0
Justin Salas,0
Justin McCully,0
Justin Levens,0
Justin Lawrence,0
Justin Jones,0
Jessica Aguilar,0
Jesse Taylor,0
Jesse Strader,0
Gilbert Yvel,0
Guido Cannetti,0
Guangyou Ning,0
Grigory Popov,0
Greg Stott,0
Greg Soto,0
Greg Hardy,0
Gray Maynard,0
Goran Reljic,0
Gokhan Saki,0
Gloria de Paula,0
Gina Mazany,0
Gilbert Smith,0
Guram Kutateladze,0
Gilbert Melendez,0
Gilbert Aldana,0
Gil Castillo,0
Giga Chikadze,0
Gideon Ray,0
Gian Villante,0
Geza Kalman,0
Gerry Harris,0
Germaine de Randamie,0
Geraldo de Freitas,0
Gerald Strebendt,0
Guilherme Vasconcelos,0
Guto Inocente,0
George Sullivan,0
Hector Aldana,0
Houston Alexander,0
Horacio Gutierrez,0
Homer Moore,0
Holly Holm,0
Hernani Perpetuo,0
Henry Martinez,0
Henry Cejudo,0
Heili Alateng,0
Hector Sandoval,0
Hector Ramirez,0
Hector Lombard,0
Heather Clark,0
Hacran Dias,0
Heath Herring,0
Hayder Hassan,0
Hayato Sakurai,0
Hatsu Hioki,0
Harry Moskowitz,0
Harry Hunsucker,0
Harold Howard,0
Hans Stringer,0
Hannah Goldy,0
Hannah Cifers,0
Hakeem Dawodu,0
Gerald Harris,0
George Roop,0
Jesse Sanders,0
Ernest Chavez,0
Felipe Olivieri,0
Felipe Colares,0
Fares Ziam,0
Falaniko Vitale,0
Fabio Maldonado,0
Fabio Gurgel,0
Fabiano Scherner,0
Eugenio Tadeu,0
Estevan Payan,0
Eryk Anders,0
Ernie Verdicia,0
Ericka Almeida,0
Fernando Bruno,0
Erick Montano,0
Eric Wisely,0
Eric Shelton,0
Enson Inoue,0
Enrique Marin,0
Enrique Barzola,0
Emmanuel Yarborough,0
Emily Kagan,0
Emil Meek,0
Elvis Mutapcic,0
Elizabeth Phillips,0
Felipe Silva,0
Filip Pejic,0
Geane Herrera,0
Fredson Paixao,0
Gasan Umalatov,0
Gary Goodridge,0
Garreth McLellan,0
Garett Whiteley,0
Gan McGee,0
Galore Bofando,0
Gaetano Pirrello,0
Gabriel Silva,0
Gabe Ruediger,0
Gabe Green,0
Fredy Serrano,0
Fred Ettish,0
Flavio Luiz Moura,0
Frankie Saenz,0
Frankie Perez,0
Frank Trigg,0
Frank Lester,0
Frank Camacho,0
Francisco Trevino,0
Francisco Rivera,0
Francisco Figueiredo,0
Francimar Barroso,0
Forrest Petz,0
Floyd Sword,0
Houston Dorr,0
Hu Yaozong,0
Hugo Duarte,0
Jarjis Danho,0
Jason Saggo,0
Jason Reinhardt,0
Jason Novelli,0
Jason Miller,0
Jason Godsey,0
Jason Gilliam,0
Jason Fairn,0
Jason Day,0
Jason Brilz,0
Jason Black,0
Jarred Brooks,0
Jared Vanderaa,0
Jason Thacker,0
Jared Rosholt,0
Jared Rollins,0
Jared Papazian,0
Jared Hamman,0
Jared Gordon,0
Jared Gooden,0
Jared Cannonier,0
Jamie Yager,0
Jamie Pickett,0
Jamie Mullarkey,0
Jamie Moyle,0
Jason Tan,0
Jason Young,0
Hugo Viana,0
Jeremy Kennedy,0
Jesse Ronson,0
Jesse Lennox,0
Jesse Forbes,0
Jesse Bongfeldt,0
Jessamyn Duke,0
Jerrod Sanders,0
Jerome Rivera,0
Jermaine Andre,0
Jeremy Stephens,0
Jeremy Larsen,0
Jeremy Kimball,0
Jeremy Jackson,0
Javier Vazquez,0
Jens Pulver,0
Jenel Lausa,0
Jeff Newton,0
Jeff Joslin,0
Jeff Hughes,0
Jeff Hougland,0
Jeff Curran,0
Jeff Cox,0
Jay Silva,0
Jay Hieron,0
Jay Cucciniello,0
Jamey Simmons,0
James Zikic,0
James Toney,0
Ikuhisa Minowa,0
Issei Tamura,0
Israel Adesanya,0
Ismail Naurdiev,0
Isabela de Padua,0
Isaac Vallie-Flagg,0
Irwin Rivera,0
Ion Cutelaba,0
Inoue Mizuki,0
Impa Kasanganay,0
Iliarde Santos,0
Ilia Topuria,0
Ike Villanueva,0
James Te Huna,0
Igor Zinoviev,0
Igor Araujo,0
Icho Larenas,0
Ian McCall,0
Ian Loveland,0
Ian Heinisch,0
Ian Freeman,0
Hyun Gyu Lim,0
Hunter Azure,0
Humberto Brown Morrison,0
Humberto Bandenay,0
Ivan Jorge,0
Ivan Serati,0
Izabela Badurek,0
JC Cottrell,0
James Mulheron,0
James McSweeney,0
James Lee,0
James Irvin,0
James Hammortree,0
James Giboo,0
James Bochnovic,0
Jamall Emmers,0
Jamahal Hill,0
Jalin Turner,0
Jake Shields,0
Jake O'Brien,0
Jake Lindsey,0
Jake Hecht,0
Jake Collier,0
Jairzinho Rozenstruik,0
Jai Herbert,0
Jacob Malkoun,0
Jacob Kilburn,0
Jack May,0
Jack Marshman,0
JP Buys,0
JJ Aldrich,0
Zubaira Tukhugov,0
